{
  "envelope_version": "0.2",
  "payload_kind": "VALUE|TABLE",
  "lc_mode": "LC-B",
  "codec_version": "SD9_LC_B_v2",
  "total_payload_bytes": 0,
  "chunking": {
    "default_chunk_size_bytes": 524288,
    "chunk_count": 0,
    "final_chunk_size_bytes": 0
  },
  "hash": {
    "algo": "BLAKE3",
    "payload_root": "<64-char lowercase hex>",
    "merkle": {
      "enabled": true,
      "fanout": 16
    }
  },
  "chunks": [],
  "metadata": {
    "created_at": "2025-12-13T18:00:00Z",
    "producer": "hlx_runtime_ref_py_v1"
  }
}